{
  "aggregate_score": 0.37271711230278015,
  "ptm": 0.938662588596344,
  "iptm": 0.2312307357788086,
  "per_chain_ptm": [
    [
      0.951360285282135,
      0.1829601228237152
    ]
  ],
  "per_chain_pair_iptm": [
    [
      [
        0.951360285282135,
        0.038986094295978546
      ],
      [
        0.2312307357788086,
        0.1829601228237152
      ]
    ]
  ],
  "has_inter_chain_clashes": false,
  "chain_intra_clashes": [
    [
      0,
      0
    ]
  ],
  "chain_chain_inter_clashes": [
    [
      [
        0,
        0
      ],
      [
        0,
        0
      ]
    ]
  ]
}