{
  "aggregate_score": 0.3622708320617676,
  "ptm": 0.9394029974937439,
  "iptm": 0.2179877609014511,
  "per_chain_ptm": [
    [
      0.951866626739502,
      0.1836945116519928
    ]
  ],
  "per_chain_pair_iptm": [
    [
      [
        0.951866626739502,
        0.03708698973059654
      ],
      [
        0.2179877609014511,
        0.1836945116519928
      ]
    ]
  ],
  "has_inter_chain_clashes": false,
  "chain_intra_clashes": [
    [
      0,
      0
    ]
  ],
  "chain_chain_inter_clashes": [
    [
      [
        0,
        0
      ],
      [
        0,
        0
      ]
    ]
  ]
}