{
  "aggregate_score": 0.37197667360305786,
  "ptm": 0.9389495253562927,
  "iptm": 0.23023346066474915,
  "per_chain_ptm": [
    [
      0.9513576030731201,
      0.18282607197761536
    ]
  ],
  "per_chain_pair_iptm": [
    [
      [
        0.9513576030731201,
        0.038279350847005844
      ],
      [
        0.23023346066474915,
        0.18282607197761536
      ]
    ]
  ],
  "has_inter_chain_clashes": false,
  "chain_intra_clashes": [
    [
      0,
      0
    ]
  ],
  "chain_chain_inter_clashes": [
    [
      [
        0,
        0
      ],
      [
        0,
        0
      ]
    ]
  ]
}