{
  "aggregate_score": 0.3379490375518799,
  "ptm": 0.930579423904419,
  "iptm": 0.1897914558649063,
  "per_chain_ptm": [
    [
      0.9515215754508972,
      0.18493099510669708
    ]
  ],
  "per_chain_pair_iptm": [
    [
      [
        0.9515215754508972,
        0.03275908902287483
      ],
      [
        0.1897914558649063,
        0.18493099510669708
      ]
    ]
  ],
  "has_inter_chain_clashes": false,
  "chain_intra_clashes": [
    [
      0,
      0
    ]
  ],
  "chain_chain_inter_clashes": [
    [
      [
        0,
        0
      ],
      [
        0,
        0
      ]
    ]
  ]
}