{
  "aggregate_score": 0.3704168200492859,
  "ptm": 0.9419537782669067,
  "iptm": 0.22753256559371948,
  "per_chain_ptm": [
    [
      0.9545899033546448,
      0.18301671743392944
    ]
  ],
  "per_chain_pair_iptm": [
    [
      [
        0.9545899033546448,
        0.03806658089160919
      ],
      [
        0.22753256559371948,
        0.18301671743392944
      ]
    ]
  ],
  "has_inter_chain_clashes": false,
  "chain_intra_clashes": [
    [
      0,
      0
    ]
  ],
  "chain_chain_inter_clashes": [
    [
      [
        0,
        0
      ],
      [
        0,
        0
      ]
    ]
  ]
}