{
  "aggregate_score": 0.27704864740371704,
  "ptm": 0.9224399328231812,
  "iptm": 0.11570081114768982,
  "per_chain_ptm": [
    [
      0.9384149312973022,
      0.3136495053768158
    ]
  ],
  "per_chain_pair_iptm": [
    [
      [
        0.9384149312973022,
        0.004921401385217905
      ],
      [
        0.11570081114768982,
        0.3136495053768158
      ]
    ]
  ],
  "has_inter_chain_clashes": false,
  "chain_intra_clashes": [
    [
      0,
      0
    ]
  ],
  "chain_chain_inter_clashes": [
    [
      [
        0,
        0
      ],
      [
        0,
        0
      ]
    ]
  ]
}