{
  "aggregate_score": 0.2847912907600403,
  "ptm": 0.9243165254592896,
  "iptm": 0.12490998953580856,
  "per_chain_ptm": [
    [
      0.9403188824653625,
      0.31351035833358765
    ]
  ],
  "per_chain_pair_iptm": [
    [
      [
        0.9403188824653625,
        0.005043019540607929
      ],
      [
        0.12490998953580856,
        0.31351035833358765
      ]
    ]
  ],
  "has_inter_chain_clashes": false,
  "chain_intra_clashes": [
    [
      0,
      0
    ]
  ],
  "chain_chain_inter_clashes": [
    [
      [
        0,
        0
      ],
      [
        0,
        0
      ]
    ]
  ]
}