{
  "aggregate_score": 0.9129334688186646,
  "ptm": 0.9647874236106873,
  "iptm": 0.8999699950218201,
  "per_chain_ptm": [
    [
      0.9662381410598755,
      0.7148189544677734
    ]
  ],
  "per_chain_pair_iptm": [
    [
      [
        0.9662381410598755,
        0.6030887365341187
      ],
      [
        0.8999699950218201,
        0.7148189544677734
      ]
    ]
  ],
  "has_inter_chain_clashes": false,
  "chain_intra_clashes": [
    [
      0,
      0
    ]
  ],
  "chain_chain_inter_clashes": [
    [
      [
        0,
        0
      ],
      [
        0,
        0
      ]
    ]
  ]
}