{
  "aggregate_score": 0.9130874276161194,
  "ptm": 0.9648784399032593,
  "iptm": 0.9001396298408508,
  "per_chain_ptm": [
    [
      0.9662749171257019,
      0.7134919762611389
    ]
  ],
  "per_chain_pair_iptm": [
    [
      [
        0.9662749171257019,
        0.602494478225708
      ],
      [
        0.9001396298408508,
        0.7134919762611389
      ]
    ]
  ],
  "has_inter_chain_clashes": false,
  "chain_intra_clashes": [
    [
      0,
      0
    ]
  ],
  "chain_chain_inter_clashes": [
    [
      [
        0,
        0
      ],
      [
        0,
        0
      ]
    ]
  ]
}