{
  "aggregate_score": 0.5031701922416687,
  "ptm": 0.887615442276001,
  "iptm": 0.40705886483192444,
  "per_chain_ptm": [
    [
      0.8793569803237915,
      0.11917492747306824
    ]
  ],
  "per_chain_pair_iptm": [
    [
      [
        0.8793569803237915,
        0.06867795437574387
      ],
      [
        0.40705886483192444,
        0.11917492747306824
      ]
    ]
  ],
  "has_inter_chain_clashes": false,
  "chain_intra_clashes": [
    [
      0,
      0
    ]
  ],
  "chain_chain_inter_clashes": [
    [
      [
        0,
        0
      ],
      [
        0,
        0
      ]
    ]
  ]
}