{
  "aggregate_score": 0.4995710253715515,
  "ptm": 0.889738142490387,
  "iptm": 0.40202921628952026,
  "per_chain_ptm": [
    [
      0.882197380065918,
      0.11883559077978134
    ]
  ],
  "per_chain_pair_iptm": [
    [
      [
        0.882197380065918,
        0.06613189727067947
      ],
      [
        0.40202921628952026,
        0.11883559077978134
      ]
    ]
  ],
  "has_inter_chain_clashes": false,
  "chain_intra_clashes": [
    [
      0,
      0
    ]
  ],
  "chain_chain_inter_clashes": [
    [
      [
        0,
        0
      ],
      [
        0,
        0
      ]
    ]
  ]
}