,seq,kcat,km,kcat_km
Q39034,RMAASLIRLHFHPNINSARGALPSPFEIIKFDVVALSGAHTFGQAKCAVFNITAPLLSSDFAMM,5.482933281847154,0.09203596438068709,2.6644430147566243
Q31F43,YTWWVHFTQGLNGQHTDRGGQVTYHQIIIYVVMRPDAPGVKIASLGLKYHGLALNFITPCGLEI,4.309042724441093,0.32737783501296364,4.26922420587143
O84413,PSFNEGAAFGLFYKIPLLIFRVCVILILAGALGNVGDIGKVVDFLSLRFPSFNLADAFISIGTL,2.886972318323812,0.09910906130347538,10.306316430721116
P61452,LPHFLLFFGHFPVPVMPGVLIMEALAQAGGILFLFTGIVRFRKPVYKLKLWLAAEMTAAVTNDM,1.9663397399119416,0.11961745900748338,61.773801311963624
Q54YN2,LYSYWRSSCSWRVIHLLKGGQQKSYNMKAIPTLIGQSLAILMQIGSDIQPLQNLKVLGLLCAQN,2.785808227107384,0.22986951911114314,9.569017887623822
Q32D90,LYRGKAKTVYSPDLLVLEFRDTSDGNTQMECLVKKLDMVPVELKNDADKLEFGLYVLGDEFSDG,2.508528503145332,0.0562061191915296,12.88645048998962
