{
  "aggregate_score": 0.9123853445053101,
  "ptm": 0.9647813439369202,
  "iptm": 0.8992863297462463,
  "per_chain_ptm": [
    [
      0.9662775993347168,
      0.7194251418113708
    ]
  ],
  "per_chain_pair_iptm": [
    [
      [
        0.9662775993347168,
        0.6050888299942017
      ],
      [
        0.8992863297462463,
        0.7194251418113708
      ]
    ]
  ],
  "has_inter_chain_clashes": false,
  "chain_intra_clashes": [
    [
      0,
      0
    ]
  ],
  "chain_chain_inter_clashes": [
    [
      [
        0,
        0
      ],
      [
        0,
        0
      ]
    ]
  ]
}