{
  "aggregate_score": 0.9129893183708191,
  "ptm": 0.964726448059082,
  "iptm": 0.9000549912452698,
  "per_chain_ptm": [
    [
      0.9662350416183472,
      0.7136343717575073
    ]
  ],
  "per_chain_pair_iptm": [
    [
      [
        0.9662350416183472,
        0.6038447618484497
      ],
      [
        0.9000549912452698,
        0.7136343717575073
      ]
    ]
  ],
  "has_inter_chain_clashes": false,
  "chain_intra_clashes": [
    [
      0,
      0
    ]
  ],
  "chain_chain_inter_clashes": [
    [
      [
        0,
        0
      ],
      [
        0,
        0
      ]
    ]
  ]
}