{
  "aggregate_score": 0.9123401045799255,
  "ptm": 0.964539110660553,
  "iptm": 0.8992903232574463,
  "per_chain_ptm": [
    [
      0.9661059379577637,
      0.713859498500824
    ]
  ],
  "per_chain_pair_iptm": [
    [
      [
        0.9661059379577637,
        0.602130115032196
      ],
      [
        0.8992903232574463,
        0.713859498500824
      ]
    ]
  ],
  "has_inter_chain_clashes": false,
  "chain_intra_clashes": [
    [
      0,
      0
    ]
  ],
  "chain_chain_inter_clashes": [
    [
      [
        0,
        0
      ],
      [
        0,
        0
      ]
    ]
  ]
}