{
  "aggregate_score": 0.6785323619842529,
  "ptm": 0.9626150131225586,
  "iptm": 0.6075116395950317,
  "per_chain_ptm": [
    [
      0.9617832899093628,
      0.2057664841413498
    ]
  ],
  "per_chain_pair_iptm": [
    [
      [
        0.9617832899093628,
        0.13222293555736542
      ],
      [
        0.6075116395950317,
        0.2057664841413498
      ]
    ]
  ],
  "has_inter_chain_clashes": false,
  "chain_intra_clashes": [
    [
      0,
      0
    ]
  ],
  "chain_chain_inter_clashes": [
    [
      [
        0,
        0
      ],
      [
        0,
        0
      ]
    ]
  ]
}