{
  "aggregate_score": 0.6778391599655151,
  "ptm": 0.9637686610221863,
  "iptm": 0.6063567399978638,
  "per_chain_ptm": [
    [
      0.9629899859428406,
      0.2034759670495987
    ]
  ],
  "per_chain_pair_iptm": [
    [
      [
        0.9629899859428406,
        0.13211514055728912
      ],
      [
        0.6063567399978638,
        0.2034759670495987
      ]
    ]
  ],
  "has_inter_chain_clashes": false,
  "chain_intra_clashes": [
    [
      0,
      0
    ]
  ],
  "chain_chain_inter_clashes": [
    [
      [
        0,
        0
      ],
      [
        0,
        0
      ]
    ]
  ]
}