{
  "aggregate_score": 0.5000344514846802,
  "ptm": 0.8891243934631348,
  "iptm": 0.40276196599006653,
  "per_chain_ptm": [
    [
      0.8812417984008789,
      0.11872391402721405
    ]
  ],
  "per_chain_pair_iptm": [
    [
      [
        0.8812417984008789,
        0.0678262859582901
      ],
      [
        0.40276196599006653,
        0.11872391402721405
      ]
    ]
  ],
  "has_inter_chain_clashes": false,
  "chain_intra_clashes": [
    [
      0,
      0
    ]
  ],
  "chain_chain_inter_clashes": [
    [
      [
        0,
        0
      ],
      [
        0,
        0
      ]
    ]
  ]
}