{
  "aggregate_score": 0.4959346354007721,
  "ptm": 0.8883848786354065,
  "iptm": 0.3978220820426941,
  "per_chain_ptm": [
    [
      0.8809446096420288,
      0.11918557435274124
    ]
  ],
  "per_chain_pair_iptm": [
    [
      [
        0.8809446096420288,
        0.06801234185695648
      ],
      [
        0.3978220820426941,
        0.11918557435274124
      ]
    ]
  ],
  "has_inter_chain_clashes": false,
  "chain_intra_clashes": [
    [
      0,
      0
    ]
  ],
  "chain_chain_inter_clashes": [
    [
      [
        0,
        0
      ],
      [
        0,
        0
      ]
    ]
  ]
}