{
  "aggregate_score": 0.5076428055763245,
  "ptm": 0.8890620470046997,
  "iptm": 0.41228795051574707,
  "per_chain_ptm": [
    [
      0.8810426592826843,
      0.11811280250549316
    ]
  ],
  "per_chain_pair_iptm": [
    [
      [
        0.8810426592826843,
        0.06929280608892441
      ],
      [
        0.41228795051574707,
        0.11811280250549316
      ]
    ]
  ],
  "has_inter_chain_clashes": false,
  "chain_intra_clashes": [
    [
      0,
      0
    ]
  ],
  "chain_chain_inter_clashes": [
    [
      [
        0,
        0
      ],
      [
        0,
        0
      ]
    ]
  ]
}