{
  "aggregate_score": 0.5001399517059326,
  "ptm": 0.9599792957305908,
  "iptm": 0.3851800858974457,
  "per_chain_ptm": [
    [
      0.9657098054885864,
      0.1378842145204544
    ]
  ],
  "per_chain_pair_iptm": [
    [
      [
        0.9657098054885864,
        0.060151778161525726
      ],
      [
        0.3851800858974457,
        0.1378842145204544
      ]
    ]
  ],
  "has_inter_chain_clashes": false,
  "chain_intra_clashes": [
    [
      0,
      0
    ]
  ],
  "chain_chain_inter_clashes": [
    [
      [
        0,
        0
      ],
      [
        0,
        0
      ]
    ]
  ]
}