{
  "aggregate_score": 0.48204225301742554,
  "ptm": 0.9596948027610779,
  "iptm": 0.36262911558151245,
  "per_chain_ptm": [
    [
      0.9659208059310913,
      0.1375916749238968
    ]
  ],
  "per_chain_pair_iptm": [
    [
      [
        0.9659208059310913,
        0.058145031332969666
      ],
      [
        0.36262911558151245,
        0.1375916749238968
      ]
    ]
  ],
  "has_inter_chain_clashes": false,
  "chain_intra_clashes": [
    [
      0,
      0
    ]
  ],
  "chain_chain_inter_clashes": [
    [
      [
        0,
        0
      ],
      [
        0,
        0
      ]
    ]
  ]
}