{
  "aggregate_score": 0.4960648715496063,
  "ptm": 0.9603685140609741,
  "iptm": 0.3799889385700226,
  "per_chain_ptm": [
    [
      0.9661772847175598,
      0.13785532116889954
    ]
  ],
  "per_chain_pair_iptm": [
    [
      [
        0.9661772847175598,
        0.0610056109726429
      ],
      [
        0.3799889385700226,
        0.13785532116889954
      ]
    ]
  ],
  "has_inter_chain_clashes": false,
  "chain_intra_clashes": [
    [
      0,
      0
    ]
  ],
  "chain_chain_inter_clashes": [
    [
      [
        0,
        0
      ],
      [
        0,
        0
      ]
    ]
  ]
}