{
  "aggregate_score": 0.48593059182167053,
  "ptm": 0.9599388837814331,
  "iptm": 0.3674285113811493,
  "per_chain_ptm": [
    [
      0.9657227396965027,
      0.13797390460968018
    ]
  ],
  "per_chain_pair_iptm": [
    [
      [
        0.9657227396965027,
        0.05937572568655014
      ],
      [
        0.3674285113811493,
        0.13797390460968018
      ]
    ]
  ],
  "has_inter_chain_clashes": false,
  "chain_intra_clashes": [
    [
      0,
      0
    ]
  ],
  "chain_chain_inter_clashes": [
    [
      [
        0,
        0
      ],
      [
        0,
        0
      ]
    ]
  ]
}