{
  "aggregate_score": 0.489516019821167,
  "ptm": 0.9602118730545044,
  "iptm": 0.37184205651283264,
  "per_chain_ptm": [
    [
      0.9663273692131042,
      0.1381305754184723
    ]
  ],
  "per_chain_pair_iptm": [
    [
      [
        0.9663273692131042,
        0.06030411273241043
      ],
      [
        0.37184205651283264,
        0.1381305754184723
      ]
    ]
  ],
  "has_inter_chain_clashes": false,
  "chain_intra_clashes": [
    [
      0,
      0
    ]
  ],
  "chain_chain_inter_clashes": [
    [
      [
        0,
        0
      ],
      [
        0,
        0
      ]
    ]
  ]
}