{
  "aggregate_score": 0.6754969954490662,
  "ptm": 0.9638153314590454,
  "iptm": 0.6034173965454102,
  "per_chain_ptm": [
    [
      0.9630999565124512,
      0.20431014895439148
    ]
  ],
  "per_chain_pair_iptm": [
    [
      [
        0.9630999565124512,
        0.13210956752300262
      ],
      [
        0.6034173965454102,
        0.20431014895439148
      ]
    ]
  ],
  "has_inter_chain_clashes": false,
  "chain_intra_clashes": [
    [
      0,
      0
    ]
  ],
  "chain_chain_inter_clashes": [
    [
      [
        0,
        0
      ],
      [
        0,
        0
      ]
    ]
  ]
}