{
  "aggregate_score": 0.6750985980033875,
  "ptm": 0.9636716842651367,
  "iptm": 0.6029553413391113,
  "per_chain_ptm": [
    [
      0.9630531668663025,
      0.20389483869075775
    ]
  ],
  "per_chain_pair_iptm": [
    [
      [
        0.9630531668663025,
        0.13230443000793457
      ],
      [
        0.6029553413391113,
        0.20389483869075775
      ]
    ]
  ],
  "has_inter_chain_clashes": false,
  "chain_intra_clashes": [
    [
      0,
      0
    ]
  ],
  "chain_chain_inter_clashes": [
    [
      [
        0,
        0
      ],
      [
        0,
        0
      ]
    ]
  ]
}