{
  "aggregate_score": 0.6726928353309631,
  "ptm": 0.9629371762275696,
  "iptm": 0.6001317501068115,
  "per_chain_ptm": [
    [
      0.9621051549911499,
      0.20412012934684753
    ]
  ],
  "per_chain_pair_iptm": [
    [
      [
        0.9621051549911499,
        0.13133499026298523
      ],
      [
        0.6001317501068115,
        0.20412012934684753
      ]
    ]
  ],
  "has_inter_chain_clashes": false,
  "chain_intra_clashes": [
    [
      0,
      0
    ]
  ],
  "chain_chain_inter_clashes": [
    [
      [
        0,
        0
      ],
      [
        0,
        0
      ]
    ]
  ]
}