{
  "aggregate_score": 0.301397442817688,
  "ptm": 0.9202675223350525,
  "iptm": 0.14667989313602448,
  "per_chain_ptm": [
    [
      0.9335578680038452,
      0.3139341473579407
    ]
  ],
  "per_chain_pair_iptm": [
    [
      [
        0.9335578680038452,
        0.00895011704415083
      ],
      [
        0.14667989313602448,
        0.3139341473579407
      ]
    ]
  ],
  "has_inter_chain_clashes": false,
  "chain_intra_clashes": [
    [
      0,
      0
    ]
  ],
  "chain_chain_inter_clashes": [
    [
      [
        0,
        0
      ],
      [
        0,
        0
      ]
    ]
  ]
}