{
  "aggregate_score": 0.28131166100502014,
  "ptm": 0.9228564500808716,
  "iptm": 0.12092546373605728,
  "per_chain_ptm": [
    [
      0.9387779831886292,
      0.31336987018585205
    ]
  ],
  "per_chain_pair_iptm": [
    [
      [
        0.9387779831886292,
        0.005223245359957218
      ],
      [
        0.12092546373605728,
        0.31336987018585205
      ]
    ]
  ],
  "has_inter_chain_clashes": false,
  "chain_intra_clashes": [
    [
      0,
      0
    ]
  ],
  "chain_chain_inter_clashes": [
    [
      [
        0,
        0
      ],
      [
        0,
        0
      ]
    ]
  ]
}