{
  "aggregate_score": 0.3291611671447754,
  "ptm": 0.9210814237594604,
  "iptm": 0.18118110299110413,
  "per_chain_ptm": [
    [
      0.9322731494903564,
      0.31374022364616394
    ]
  ],
  "per_chain_pair_iptm": [
    [
      [
        0.9322731494903564,
        0.018227772787213326
      ],
      [
        0.18118110299110413,
        0.31374022364616394
      ]
    ]
  ],
  "has_inter_chain_clashes": false,
  "chain_intra_clashes": [
    [
      0,
      0
    ]
  ],
  "chain_chain_inter_clashes": [
    [
      [
        0,
        0
      ],
      [
        0,
        0
      ]
    ]
  ]
}